{
  "book" : {
    "_index" : { 
      "enabled" : true 
    },
    "_id" : {
      "index": "not_analyzed", 
      "store" : "yes"
    },
    "properties" : {
      "author" : {
        "type" : "string",
        "index" : "analyzed"
      },
      "characters" : {
        "type" : "string",
        "index" : "analyzed"
      },
      "copies" : {
        "type" : "long",
        "ignore_malformed" : false
      },
      "otitle" : {
        "type" : "string",
        "index" : "analyzed"
      },
      "tags" : {
        "type" : "string",
        "index" : "not_analyzed"
      },
      "title" : {
        "type" : "string",
        "index" : "analyzed"
      },
      "year" : {
        "type" : "long",
        "ignore_malformed" : false,
        "index" : "analyzed"
      },
      "available" : {
        "type" : "boolean",
        "index" : "analyzed"
      }
    }
  }
}