{
 "mappings" : {
  "doc" : {
   "_analyzer" : {
    "path" : "lang"
   },
   "_source" : { 
    "enabled" : false 
   },
   "_index" : { 
    "enabled" : true 
   },
   "_id" : {
    "index": "not_analyzed", 
    "store" : "yes"
   },
   "properties" : {
    "title" : {
     "type" : "multi_field",
     "fields" : {
      "title" : {
       "type" : "string",
       "index" : "analyzed",
       "store" : "no"
      }, 
      "default" : {
       "type" : "string",
       "index" : "analyzed",
       "store" : "no",
       "analyzer" : "simple"
      }
     }
    },
    "content" : {
     "type" : "multi_field",
     "fields" : {
      "content" : {
       "type" : "string",
       "index" : "analyzed",
       "store" : "no"
      }, 
      "default" : {
       "type" : "string",
       "index" : "analyzed",
       "store" : "no",
       "analyzer" : "simple"
      }
     }
    },
    "lang" : {
     "type" : "string",
     "index" : "not_analyzed",
     "store" : "yes"
    }
   }
  }
 }
}